<?xml version="1.0" encoding="UTF-8"?>
<project-private xmlns="http://www.netbeans.org/ns/project-private/1">
    <editor-bookmarks xmlns="http://www.netbeans.org/ns/editor-bookmarks/2" lastBookmarkId="0"/>
    <open-files xmlns="http://www.netbeans.org/ns/projectui-open-files/2">
        <group>
            <file>file:/C:/Github/Erorr99/COS2103/GUI4/src/gui1/Employee.java</file>
            <file>file:/C:/Github/Erorr99/COS2103/GUI4/src/gui1/DNode.java</file>
            <file>file:/C:/Github/Erorr99/COS2103/GUI4/src/gui1/APPGUI4.java</file>
            <file>file:/C:/Github/Erorr99/COS2103/GUI4/src/gui1/Main.java</file>
        </group>
    </open-files>
</project-private>
